{
   "initial_position": {
      "x": [
         1.0,
         0.30901699437494745,
         -0.8090169943749473,
         -0.8090169943749476,
         0.30901699437494723
      ],
      "y": [
         0.0,
         0.9510565162951535,
         0.5877852522924732,
         -0.587785252292473,
         -0.9510565162951536
      ],
      "yaw": [
         3.141592653589793,
         4.39822971502571,
         5.654866776461628,
         6.911503837897545,
         8.168140899333462
      ],
      "v": [
         0.0,
         0.0,
         0.0,
         0.0,
         0.0
      ]
   },
   "trajectories": {
      "0": [
         [
            0.30901699437494723,
            -0.9510565162951536
         ]
      ],
      "1": [
         [
            -0.8090169943749476,
            -0.587785252292473
         ]
      ],
      "2": [
         [
            1.0,
            0.0
         ]
      ],
      "3": [
         [
            0.30901699437494745,
            0.9510565162951535
         ]
      ],
      "4": [
         [
            -0.8090169943749473,
            0.5877852522924732
         ]
      ]
   },
   "robot_num": 5
}