{
   "initial_position": {
      "x": [
         2.0,
         -2.0,
         -10.0,
         6.0,
         6.0
      ],
      "y": [
         2.0,
         2.0,
         -10.0,
         6.0,
         -2.0
      ],
      "yaw": [
         -2.321287905152458,
         -1.2217304763960306,
         -0.8028514559173916,
         -0.6283185307179586,
         1.8151424220741028
      ],
      "v": [
         0.0,
         0.0,
         0.0,
         0.0,
         0.0
      ]
   },
   "trajectories": {
      "0": [
         [
            1.0,
            0.0
         ],
         [
            2.0,
            7.0
         ],
         [
            -1.0,
            6.0
         ]
      ],
      "1": [
         [
            11.0,
            6.0
         ],
         [
            13.0,
            0.0
         ],
         [
            -1.0,
            -2.0
         ]
      ],
      "2": [
         [
            5.0,
            12.0
         ],
         [
            4.0,
            8.0
         ],
         [
            -8.0,
            4.0
         ]
      ],
      "3": [
         [
            -5.0,
            11.0
         ],
         [
            -11.0,
            7.0
         ],
         [
            8.0,
            7.0
         ]
      ],
      "4": [
         [
            5.0,
            0.0
         ],
         [
            7.0,
            -11.0
         ],
         [
            8.0,
            -1.0
         ]
      ]
   },
   "robot_num": 5
}