{
   "initial_position": {
      "x": [
         -10.0,
         6.0,
         -2.0,
         -2.0,
         -10.0,
         -6.0,
         6.0,
         -10.0,
         6.0,
         10.0,
         2.0,
         -6.0,
         10.0,
         -10.0
      ],
      "y": [
         10.0,
         -2.0,
         -6.0,
         2.0,
         -10.0,
         -10.0,
         10.0,
         -2.0,
         2.0,
         -2.0,
         2.0,
         -2.0,
         -6.0,
         -6.0
      ],
      "yaw": [
         2.2689280275926285,
         -3.141592653589793,
         2.3911010752322315,
         -1.4835298641951802,
         1.7453292519943295,
         -2.6878070480712677,
         1.9547687622336491,
         -2.5656340004316642,
         0.4363323129985824,
         1.3788101090755203,
         -0.3665191429188092,
         -2.4958208303518914,
         -1.5707963267948966,
         -2.321287905152458
      ],
      "v": [
         0.0,
         0.0,
         0.0,
         0.0,
         0.0,
         0.0,
         0.0,
         0.0,
         0.0,
         0.0,
         0.0,
         0.0,
         0.0,
         0.0
      ]
   },
   "trajectories": {
      "0": [
         [
            -7.0,
            -5.0
         ],
         [
            3.0,
            -9.0
         ],
         [
            2.0,
            -13.0
         ]
      ],
      "1": [
         [
            -2.0,
            -7.0
         ],
         [
            -7.0,
            3.0
         ],
         [
            5.0,
            4.0
         ]
      ],
      "2": [
         [
            -12.0,
            -4.0
         ],
         [
            12.0,
            5.0
         ],
         [
            10.0,
            13.0
         ]
      ],
      "3": [
         [
            2.0,
            12.0
         ],
         [
            -7.0,
            -10.0
         ],
         [
            5.0,
            -9.0
         ]
      ],
      "4": [
         [
            11.0,
            6.0
         ],
         [
            -2.0,
            3.0
         ],
         [
            -9.0,
            7.0
         ]
      ],
      "5": [
         [
            7.0,
            9.0
         ],
         [
            7.0,
            2.0
         ],
         [
            -3.0,
            5.0
         ]
      ],
      "6": [
         [
            -11.0,
            -8.0
         ],
         [
            -8.0,
            6.0
         ],
         [
            13.0,
            12.0
         ]
      ],
      "7": [
         [
            -9.0,
            -13.0
         ],
         [
            1.0,
            -13.0
         ],
         [
            1.0,
            0.0
         ]
      ],
      "8": [
         [
            -5.0,
            6.0
         ],
         [
            6.0,
            13.0
         ],
         [
            -8.0,
            2.0
         ]
      ],
      "9": [
         [
            -8.0,
            6.0
         ],
         [
            -9.0,
            -9.0
         ],
         [
            -9.0,
            -6.0
         ]
      ],
      "10": [
         [
            7.0,
            -9.0
         ],
         [
            -4.0,
            -1.0
         ],
         [
            8.0,
            13.0
         ]
      ],
      "11": [
         [
            -4.0,
            -9.0
         ],
         [
            2.0,
            13.0
         ],
         [
            7.0,
            1.0
         ]
      ],
      "12": [
         [
            3.0,
            -2.0
         ],
         [
            7.0,
            9.0
         ],
         [
            -11.0,
            -11.0
         ]
      ],
      "13": [
         [
            1.0,
            -9.0
         ],
         [
            7.0,
            -4.0
         ],
         [
            -9.0,
            0.0
         ]
      ]
   },
   "robot_num": 14
}