{
   "initial_position": {
      "x": [
         -10.0,
         2.0,
         -10.0,
         6.0,
         -2.0,
         -6.0,
         10.0,
         -6.0,
         -10.0,
         6.0,
         -10.0,
         2.0,
         2.0,
         10.0,
         -2.0
      ],
      "y": [
         10.0,
         -10.0,
         -6.0,
         2.0,
         10.0,
         6.0,
         -6.0,
         -2.0,
         6.0,
         -10.0,
         -2.0,
         2.0,
         -2.0,
         -2.0,
         -2.0
      ],
      "yaw": [
         2.6354471705114375,
         -2.670353755551324,
         -0.10471975511965978,
         0.22689280275926285,
         1.9547687622336491,
         -0.22689280275926285,
         -2.9845130209103035,
         -2.652900463031381,
         -0.05235987755982989,
         -1.4486232791552935,
         -2.4958208303518914,
         -2.443460952792061,
         -0.6632251157578453,
         -2.4085543677521746,
         -0.6108652381980153
      ],
      "v": [
         0.0,
         0.0,
         0.0,
         0.0,
         0.0,
         0.0,
         0.0,
         0.0,
         0.0,
         0.0,
         0.0,
         0.0,
         0.0,
         0.0,
         0.0
      ]
   },
   "trajectories": {
      "0": [
         [
            1.0,
            1.0
         ],
         [
            0.0,
            -10.0
         ],
         [
            4.0,
            0.0
         ]
      ],
      "1": [
         [
            8.0,
            -7.0
         ],
         [
            -1.0,
            2.0
         ],
         [
            0.0,
            7.0
         ]
      ],
      "2": [
         [
            -8.0,
            9.0
         ],
         [
            7.0,
            7.0
         ],
         [
            -10.0,
            1.0
         ]
      ],
      "3": [
         [
            -4.0,
            -6.0
         ],
         [
            10.0,
            -6.0
         ],
         [
            -3.0,
            -12.0
         ]
      ],
      "4": [
         [
            8.0,
            -4.0
         ],
         [
            -7.0,
            -12.0
         ],
         [
            -10.0,
            9.0
         ]
      ],
      "5": [
         [
            6.0,
            -2.0
         ],
         [
            3.0,
            6.0
         ],
         [
            -8.0,
            -1.0
         ]
      ],
      "6": [
         [
            -11.0,
            2.0
         ],
         [
            -10.0,
            6.0
         ],
         [
            -6.0,
            -11.0
         ]
      ],
      "7": [
         [
            11.0,
            -12.0
         ],
         [
            -12.0,
            -3.0
         ],
         [
            4.0,
            -9.0
         ]
      ],
      "8": [
         [
            1.0,
            11.0
         ],
         [
            10.0,
            11.0
         ],
         [
            4.0,
            -12.0
         ]
      ],
      "9": [
         [
            12.0,
            -10.0
         ],
         [
            1.0,
            -8.0
         ],
         [
            -4.0,
            -3.0
         ]
      ],
      "10": [
         [
            1.0,
            2.0
         ],
         [
            4.0,
            -4.0
         ],
         [
            3.0,
            7.0
         ]
      ],
      "11": [
         [
            8.0,
            4.0
         ],
         [
            11.0,
            -4.0
         ],
         [
            -10.0,
            5.0
         ]
      ],
      "12": [
         [
            2.0,
            -6.0
         ],
         [
            10.0,
            8.0
         ],
         [
            6.0,
            11.0
         ]
      ],
      "13": [
         [
            -10.0,
            -6.0
         ],
         [
            -13.0,
            9.0
         ],
         [
            -7.0,
            -13.0
         ]
      ],
      "14": [
         [
            -1.0,
            -2.0
         ],
         [
            -1.0,
            -6.0
         ],
         [
            -4.0,
            13.0
         ]
      ]
   },
   "robot_num": 15
}