{
   "initial_position": {
      "x": [
         2.0,
         -2.0,
         2.0,
         6.0,
         6.0
      ],
      "y": [
         -10.0,
         2.0,
         -6.0,
         -6.0,
         6.0
      ],
      "yaw": [
         -1.0821041362364843,
         -2.0420352248333655,
         -0.22689280275926285,
         -1.2042771838760873,
         -0.12217304763960307
      ],
      "v": [
         0.0,
         0.0,
         0.0,
         0.0,
         0.0
      ]
   },
   "trajectories": {
      "0": [
         [
            5.0,
            -9.0
         ],
         [
            -4.0,
            -10.0
         ],
         [
            4.0,
            7.0
         ],
         [
            1.0,
            12.0
         ]
      ],
      "1": [
         [
            5.0,
            -7.0
         ],
         [
            13.0,
            -5.0
         ],
         [
            1.0,
            2.0
         ],
         [
            -11.0,
            -6.0
         ]
      ],
      "2": [
         [
            0.0,
            -2.0
         ],
         [
            -8.0,
            -13.0
         ],
         [
            -9.0,
            10.0
         ],
         [
            1.0,
            11.0
         ]
      ],
      "3": [
         [
            -11.0,
            0.0
         ],
         [
            2.0,
            -1.0
         ],
         [
            -8.0,
            -2.0
         ],
         [
            6.0,
            -4.0
         ]
      ],
      "4": [
         [
            13.0,
            -4.0
         ],
         [
            3.0,
            -1.0
         ],
         [
            -2.0,
            -6.0
         ],
         [
            -2.0,
            2.0
         ]
      ]
   },
   "robot_num": 5
}