{"model_type": ["linear", "linear", "linear", "linear", "linear", "linear"], "x0": [-10.0, 10.0, -2.0, 6.0, 6.0, 2.0], "y0": [6.0, 2.0, 2.0, 2.0, -6.0, -2.0], "yaw": [1.0122909661567112, 2.7401669256310974, -2.897246558310587, -2.234021442552742, -2.8448866807507573, 2.949606435870417], "v": [0.0, 0.0, 0.0, 0.0, 0.0, 0.0], "omega": [0.0, 0.0, 0.0, 0.0, 0.0, 0.0]}